[{"pDate":"2023-05-20 17:02:00","cnt":1,"link":"https://realty.chosun.com/site/data/html_dir/2023/05/19/2023051902450.html","description":"이 전 연구원은 \u201c정부의 재건축 등 전방위적인 규제 완화는 과거 이명박 정부를 연상케 하는데, 이는 분명 나중에 또다시 <b>부동산<\/b>값 폭등의 원인이 될 수도 있다\u201d고 했다. /박기홍 땅집고 기자","title":"재건축 노리고 아파트 산다고? 목동, 분당, 어디든! 지금 사면 후회합니다","org_link":"https://realty.chosun.com/site/data/html_dir/2023/05/19/2023051902450.html"},{"pDate":"2023-05-20 16:54:00","cnt":2,"link":"https://www.kgnews.co.kr/news/article.html?no=748876","description":"검찰은 이들의 <b>부동산<\/b> 거래에 관여해 법정 상한의 최대 10배에 달하는 중개수수료를 받은 공인중개사 4명에 대해서도 공인중개사법 위반 혐의로 불구속기소 했다. [ 경기신문 = 박진석 기자 ] 수원지검 안산지청. (사진... ","title":"\u2018빌라의 신\u2019과 공모 12억 전세보증금 편취한 공범 일당 재판 넘겨져","org_link":"https://www.kgnews.co.kr/news/article.html?no=748876"},{"pDate":"2023-05-20 16:44:00","cnt":3,"link":"https://www.thekpm.com/news/articleView.html?idxno=156287","description":"이번 행사는 더 많은 사람들이 가까운 도심에서 자원순환을 실천하며 기후변화 대응에 기여할 수 있도록 이케아가 종합 <b>부동산<\/b> 기업 SK디앤디와 함께 지속가능성을 주제로 진행하는 플리마켓의 일환으로 마련됐다.... ","title":"이케아 코리아, &apos;도심으로 찾아가는 바이백 서비스&apos; 행사","org_link":"https://www.thekpm.com/news/articleView.html?idxno=156287"},{"pDate":"2023-05-20 16:34:00","cnt":4,"link":"http://www.tbc.co.kr/tbc_news/n14_newsview.html?p_no=20230518150423AE09619","description":"한국<b>부동산<\/b>원에 따르면 이달 셋째주 기준 대구의 아파트 매매 가격은 일주일 전보다 0.18% 내려 2021년 11월 이후 79주 연속 하락세이고, 경북도 0.06% 내려 44주 연속 내림세입니다. 같은 기간 아파트 전세 가격도... ","title":"TBC)대구 경북 아파트값 하락 계속","org_link":"http://www.tbc.co.kr/tbc_news/n14_newsview.html?p_no=20230518150423AE09619"},{"pDate":"2023-05-20 16:16:00","cnt":5,"link":"http://www.thebigdata.co.kr/view.php?ud=20230520155614756896085a06ef_23","description":"캠코(한국자산관리공사, 사장 권남주)는 오는 24일까지 총 127건의 국유<b>부동산<\/b>을 온비드를 통해 대부 및 매각한다고 20일 밝혔다. 캠코는 활용 가능한 유휴 국유<b>부동산<\/b>을 선별하여 매주 온비드를 통해 대부 및 매각을... ","title":"캠코, 국유<b>부동산<\/b> 127건 &apos;온비드&apos;서 공개 대부 및 매각","org_link":"http://www.thebigdata.co.kr/view.php?ud=20230520155614756896085a06ef_23"},{"pDate":"2023-05-20 16:14:00","cnt":6,"link":"https://www.asiatime.co.kr/article/20230520500029","description":"경제 전망에 관해서는 &quot;올해 한국 경제가 반도체 경기 둔화와 통화 긴축, <b>부동산<\/b> 시장 조정 등으로 성장이... 등 <b>부동산<\/b>·가계대출에 대한 건전성 규제 등으로 리스크가 완화됐다고 평가했다. 우리나라 잠재성장률 저하... ","title":"무디스, 한국 올해 성장률 1.6 →1.5%로 또 낮춰...국가신용등급 &apos;Aa2, 안정적...","org_link":"https://www.asiatime.co.kr/article/20230520500029"},{"pDate":"2023-05-20 16:12:00","cnt":7,"link":"https://n.news.naver.com/mnews/article/023/0003764897?sid=100","description":"윤리위에 올라와 있는 징계안에는 여야 의원들의 막말 사건, 불륜 사건, <b>부동산<\/b> 투기 사건 등 온갖 국회의원으로서의 품위를 져버리고 사회적 지탄이 됐던 이슈들이 많지만, 대중의 관심이 사그라들기만을 기다려 여야가... ","title":"3년간 윤리위 징계 0건\u2026 \u201c김남국 제소, 또 하나의 쇼\u201d","org_link":"https://www.chosun.com/politics/assembly/2023/05/20/6DXVLAQPEVHYVDY7POHNSTZGGY/?utm_source=naver&utm_medium=referral&utm_campaign=naver-news"},{"pDate":"2023-05-20 15:43:00","cnt":8,"link":"https://n.news.naver.com/mnews/article/009/0005132920?sid=101","description":"- 미국 실리콘밸리은행(SVB) 사태 이후 상업용 <b>부동산<\/b>에 대한 리스크가 커졌다. 이에 따른 중소형 은행들의 파산과 뱅크런(대규모 예금인출)이 지속되면서 신용경색 가능성이 우려된다. 경기침체 리스크는 지난해부터... ","title":"\u201c2차전지 다음은 낙폭 과대 \u2018이 종목\u2019\u2026리레이팅 기대\u201d [하반기 증시진단...","org_link":"https://www.mk.co.kr/article/10740881"},{"pDate":"2023-05-20 15:32:00","cnt":9,"link":"https://n.news.naver.com/mnews/article/421/0006818713?sid=102","description":"문제는 A씨의 남편이 어느 날 시부모로부터 거액의 <b>부동산<\/b>과 현금을 상속받게 된 것이 발단이었다. A씨는 평소 재테크에 관심이 많아 남편이 상속받은 현금으로 <b>부동산<\/b>과 주식에 투자해 재산 불리기에 성공했다. 어느 정도... ","title":"&quot;돈 빼돌렸지?&quot;\u2026재테크로 재산 불린 며느리에 미행 붙인 시댁","org_link":"https://www.news1.kr/articles/5052963"},{"pDate":"2023-05-20 15:14:00","cnt":10,"link":"http://www.obsnews.co.kr/news/articleView.html?idxno=1399229","description":"남 씨가 사기와 공인중개사법 위반 혐의로 범죄 수익을 취득하였다고 보고 청구를 인용했습니다. 법원은 추징보전된 재산에 포함된 <b>부동산<\/b>, 채권, 자동차 등에 대해 처분되지 못하도록 금지 명령도 함께 내렸습니다.","title":"검찰, &apos;건축왕&apos; 재산 92억 원 추징보전","org_link":"http://www.obsnews.co.kr/news/articleView.html?idxno=1399229"},{"pDate":"2023-05-20 15:10:00","cnt":11,"link":"http://www.mediapen.com/news/view/820631","description":"한 보험사 관계자는 &quot;상위 1%에 드는 부자는 대부분 <b>부동산<\/b>과 주식 등 적극적인 재테크를 통해 재산을 증식하고 있다&quot;면서 &quot;아울러 개인연금 가입 등을 통해 노후를 준비하는 경향도 늘고 있다&quot;고 말했다.","title":"상위 1% 부자, 순자산 29억원\u2026연소득은 2억1571만원","org_link":"http://www.mediapen.com/news/view/820631"},{"pDate":"2023-05-20 15:02:00","cnt":12,"link":"http://www.joongdo.co.kr/web/view.php?key=20230520010007621","description":"80년생 <b>부동산<\/b> 매매운이 아주 좋다. 92년생 걱정말고 기다려 보라, 해결되리니. 04년생 나의 할 일에는 변함이 없음이라. 금전 △ 매매 ○ 애정 ○ 직장 × 酉닭 띠 澤被蒼生格(택피창생격)으로 뛰어난 인품을 가진 성군이... ","title":"[카드뉴스로 읽는 오늘의 운세] 5월 21일 (일요일) 춘강 구박사가 알려주는 생...","org_link":"http://www.joongdo.co.kr/web/view.php?key=20230520010007621"},{"pDate":"2023-05-20 15:00:00","cnt":13,"link":"http://www.seoulfn.com/news/articleView.html?idxno=486427","description":"상위 1%에 드는 부자는 대부분 <b>부동산<\/b>과 주식 등 적극적인 재테크를 통해 재산을 증식하고 있었고 개인연금 가입 등을 통해 노후를 준비하는 경향도 늘고 있다.","title":"상위 0.1% 부자되려면 순자산 얼마? &quot;적극적인 재테크&quot;","org_link":"http://www.seoulfn.com/news/articleView.html?idxno=486427"},{"pDate":"2023-05-20 14:42:00","cnt":14,"link":"https://www.asiatime.co.kr/article/20230520500021","description":"문재인 정부에서의 <b>부동산<\/b> 폭등이 큰 영향을 미친 것으로 보인다. 20일 행정안전부 주민등록인구... 특히 문재인 정부의 실정으로 <b>부동산<\/b> 가격이 폭등하면서 경기도의 인구 증가를 촉진한 것으로 풀이된다.... ","title":"문재인 정부 <b>부동산<\/b> 폭등...경기도 인구 1400만 넘었다","org_link":"https://www.asiatime.co.kr/article/20230520500021"},{"pDate":"2023-05-20 14:41:00","cnt":15,"link":"https://n.news.naver.com/mnews/article/112/0003632452?sid=106","description":"앞서 지난 19일 <b>부동산<\/b> 업계에 따르면 하지원은 지난 2020년 자신이 설립한 법인 해와달엔터테인먼트의... 하지만 <b>부동산<\/b> 업계에서는 하지원의 연간 임대 수익률이 1% 미만일 것으로 예상하며 하지원의 연간 임대 수익은... ","title":"[팝업★]하지원, 100억 빌딩 영끌했는데..&quot;연 이자 2억 넘어&quot; 어쩌나","org_link":"http://biz.heraldcorp.com/view.php?ud=202305201400438491187_1"},{"pDate":"2023-05-20 14:38:00","cnt":16,"link":"http://www.fntoday.co.kr/news/articleView.html?idxno=292804","description":"엄정숙 <b>부동산<\/b> 전문 변호사 엄정숙 <b>부동산<\/b> 전문변호사(법도 종합법률사무소)는 유튜브 채널 &apos;법도TV&apos;를 통해 &quot;주택 임대차에서 계약 기간 중 집주인의 사망은 세입자들에게 의도치 않은 피해로 다가올 수 있다&quot;며 &quot;이러한... ","title":"[<b>부동산<\/b> 법률]&quot;집주인 사망 시 상속인에게 전세금반환 요구하면 돼&quot;","org_link":"http://www.fntoday.co.kr/news/articleView.html?idxno=292804"},{"pDate":"2023-05-20 14:33:00","cnt":17,"link":"https://n.news.naver.com/mnews/article/119/0002714417?sid=101","description":"무디스는 보고서를 통해 \u201c올해 한국경제는 반도체 경기 둔화, 통화 긴축, <b>부동산<\/b> 시장 조정 등 영향으로 성장이 다소 둔화할 것\u201d이라며 \u201c가계·기업부채가 소비·투자 심리에 부담을 주는 요인으로 작용하고 있다\u201d고... ","title":"무디스, 韓 성장률 1.5% 하향 조정\u2026신용등급은 \u2018Aa2·안정적\u2019","org_link":"https://www.dailian.co.kr/news/view/1235835/?sc=Naver"},{"pDate":"2023-05-20 14:21:00","cnt":18,"link":"https://n.news.naver.com/mnews/article/018/0005490505?sid=101","description":"미국 법에 있는 생소한 개념인 \u2018<b>부동산<\/b> 소유권 양도제도(DIL)\u2019가 손실에 영향을 미칠 수 있는 핵심 사안임에도 제대로 사전고지 하지 않았다는 주장이다. 투자설명서 상에는 \u2018담보권을 행사하지 않을 경우 원금 손실... ","title":"&quot;파티가 끝, 소송 시작&quot;..&apos;실사&apos; 제대로 했나? [위클리IB]","org_link":"http://www.edaily.co.kr/news/newspath.asp?newsid=01341526635610888"},{"pDate":"2023-05-20 14:16:00","cnt":19,"link":"https://n.news.naver.com/mnews/article/015/0004846972?sid=101","description":"20일 <b>부동산<\/b> 업계에 따르면 이 단지는 내달 30일 입주 시작을 앞두고 전날부터 사흘간 사전점검을 진행하고 있다. 사전점검 첫날인 전날 470여가구 가운데 두 가구의 욕실에서 인분이 나왔다. 피해를 본 두가구는 시공사가... ","title":"과천 새 아파트서 &apos;인분&apos; 나왔다\u2026입주 예정자들 &apos;분통&apos;","org_link":"https://www.hankyung.com/realestate/article/2023052082277"},{"pDate":"2023-05-20 14:04:00","cnt":20,"link":"https://n.news.naver.com/mnews/article/009/0005132900?sid=101","description":"4배에 달해 평균 자산 중 <b>부동산<\/b> 비율 81% 순자산 29억2010만원 이상, 평균 나이 63.5세, 연평균 소득... KB<b>부동산<\/b> 아파트 시세에 따르면 20일 기준으로 서울시 강남구 압구정동 구현대아파트 108㎡ 실거래가가... ","title":"로또 1등 두번해도\u2026한국 1% 부자 못되네","org_link":"https://www.mk.co.kr/article/10740850"},{"pDate":"2023-05-20 14:02:00","cnt":21,"link":"http://www.seoulwire.com/news/articleView.html?idxno=502914","description":"권일 <b>부동산<\/b>인포 리서치팀장은 &quot;연초부터 이어졌던 규제 완화가 조금씩 시장에 영향을 끼치는 모습&quot;이라며 &quot;특히 청약 문턱이 낮아지고 전매도 한결 수월해진만큼 청약시장으로 수요자들의 발길은 늘어갈 것&quot;이라고... ","title":"[내집 마련 캘린더] 주거장만 위해 놓치지 말아야할 &apos;희망의 등불&apos;","org_link":"http://www.seoulwire.com/news/articleView.html?idxno=502914"},{"pDate":"2023-05-20 14:01:00","cnt":22,"link":"https://n.news.naver.com/mnews/article/014/0005015132?sid=101","description":"정부가 전세제도를 개편하겠다는 입장을 밝혔다. 원희룡 국토교통부 장관이 최근 \u201c전세제도는 수명을 다했다\u201d고 언급한 것. 세부 방안으로 보증금을 금융기관 등에 맡겨두는 \u2018에스크로\u2019 제도도 거론하면서 전세제도... ","title":"&quot;보증금, 집주인 아닌 은행 예치&quot;..전세 소멸? 집값은?\u201d[<b>부동산<\/b>아토즈]","org_link":"http://www.fnnews.com/news/202305201150547581"},{"pDate":"2023-05-20 14:01:00","cnt":23,"link":"https://n.news.naver.com/mnews/article/011/0004192766?sid=101","description":"무디스는 &quot;반도체 경기 둔화와 통화 긴축, <b>부동산<\/b> 시장 등의 영향으로 성장세가 다소 둔화될 것으로 보인다&quot;며 &quot;고령화와 노동시장 이중구조 등도 잠재성장률을 저하시키는 요인&quot;이라고 했습니다.","title":"[뒷북경제]굴·전복도 수출 최전선\u2026\u2018오염수 불안\u2019은 변수","org_link":"https://www.sedaily.com/NewsView/29PNJ4RH4Z"},{"pDate":"2023-05-20 13:56:00","cnt":24,"link":"https://n.news.naver.com/mnews/article/018/0005490501?sid=106","description":"20일 머니투데이는 <b>부동산<\/b> 업계의 말을 빌려 하지원이 2020년 자신이 설립한 해와달엔터테인먼트 명의로 매입한 100억원 빌딩은 현재 1층을 제외한 모든 공간이 공실이며, 연간 임대 수익률이 1% 미만일 것이라고... ","title":"하지원, &apos;영끌&apos;한 100억 빌딩으로 연 2억 손해?","org_link":"http://starin.edaily.co.kr/news/newspath.asp?newsid=01449766635610888"},{"pDate":"2023-05-20 13:52:00","cnt":25,"link":"https://www.asiatime.co.kr/article/20230520500010","description":"한 보험사 관계자는 &quot;상위 1%에 드는 부자는 대부분 <b>부동산<\/b>과 주식 등 적극적인 재테크를 통해 재산을 증식하고 있다&quot;면서 &quot;아울러 개인연금 가입 등을 통해 노후를 준비하는 경향도 늘고 있다&quot;고 말했다.","title":"대한민국 상위 1%부자되려면...순자산 29억 넘어야","org_link":"https://www.asiatime.co.kr/article/20230520500010"},{"pDate":"2023-05-20 13:46:00","cnt":26,"link":"https://www.jjan.kr/article/20230519580010","description":"네 번째는 김보현 기자의 &apos;전주 <b>부동산<\/b> 스터디하자⋯억대 투자사기에 전주시민들 피눈물&apos;가 주목을 받았다. 피해금액은 소액부터 8000만 원대까지 다양한데, 오픈채팅방을 매개로 소시민의 \u2018내 집 마련\u2019 꿈을... ","title":"[지난 주 &apos;핫클릭&apos; : 5. 14~19] &apos;모두의 축제, 아태&apos;⋯영탁도 팬들도 멋졌다","org_link":"https://www.jjan.kr/article/20230519580010"},{"pDate":"2023-05-20 13:40:00","cnt":27,"link":"http://www.kyeongin.com/main/view.php?key=20230520010003835","description":"인천지법 부천지원 형사1단독 박효선 판사는 19일 선고 공판에서 <b>부동산<\/b> 거래 신고 등에 관한 법률 위반... 인정된다&quot;며 &quot;피고인들은 <b>부동산<\/b> 거래 질서를 확립하려는 관련법과 토지거래 허가 제도의 취지에 반하는 행위를... ","title":"김경협 의원직 상실형 선고\u2026 무주공산 우려 부천지역 정가 &apos;요동&apos;","org_link":"http://www.kyeongin.com/main/view.php?key=20230520010003835"},{"pDate":"2023-05-20 13:38:00","cnt":28,"link":"https://n.news.naver.com/mnews/article/421/0006818646?sid=102","description":"20일 <b>부동산<\/b>리서치업체 리얼투데이에 따르면 5월 전국 아파트 분양물량은 총 2만909세대(일반분양)로 조사됐다. 이중 경기도는 7145세대로 전국 물량의 34.1%다. 광역단체 물량으로는 충남이 2268세대(10.8%)로... ","title":"경기지역 5월 분양 7145세대\u2026정부 규제완화에 시장 &apos;훈풍&apos; 기대","org_link":"https://www.news1.kr/articles/5052920"},{"pDate":"2023-05-20 13:37:00","cnt":29,"link":"https://n.news.naver.com/mnews/article/016/0002145941?sid=101","description":"20일 <b>부동산<\/b> 업계에 따르면, 하지원은 2020년 본인이 대표로 있는 해와달엔터테인먼트 명의로 성수동2가에... 인터넷 등기소에서 이 건물 <b>부동산<\/b> 등기부등본을 확인해보면, 이 건물의 채권 최고액은 90억원이다. 채권... ","title":"&apos;100억 건물&apos; 영끌한 하지원\u2026매년 이자 3억에 공실 텅텅","org_link":"http://news.heraldcorp.com/view.php?ud=20230520000052"},{"pDate":"2023-05-20 13:31:00","cnt":30,"link":"https://n.news.naver.com/mnews/article/018/0005490494?sid=101","description":"한국토지신탁 전경 최근 <b>부동산<\/b>경기 저하로 신규 수주실적이 감소하는 등 비우호적인 영업환경이... 영위하는 <b>부동산<\/b> 신탁사 중 높은 편을 기록했다. 충당급 적립 수준 역시 마찬가지다. 3월 말 기준 고정이하자산에... ","title":"[위클리크레딧]&apos;버거운 적자&apos; LGD, 등급 강등\u2026한토신도 &apos;위태&apos;","org_link":"http://www.edaily.co.kr/news/newspath.asp?newsid=01331686635610888"},{"pDate":"2023-05-20 13:13:00","cnt":31,"link":"https://n.news.naver.com/mnews/article/024/0000082145?sid=101","description":"재산 등록 항목은 ▲<b>부동산<\/b> ▲1000만원 이상 현금·예금·주식 ▲자동차 등이다. 가상자산은 인사혁신처가 등록할 것을 안내하고 있을 뿐 의무 등록 대상은 아니다. 공직자의 가상자산 공개 법제화는 이번에 처음 논의되는... ","title":"\u201c4급 이상 공무원도 가상자산 재산 등록\u201d...공직자윤리법 개정 추진 [국회 ...","org_link":"https://www.mk.co.kr/article/10740840"},{"pDate":"2023-05-20 13:08:00","cnt":32,"link":"https://n.news.naver.com/mnews/article/025/0003281301?sid=101","description":"한 보험사 관계자는 \u201c상위 1%에 드는 부자는 대부분 <b>부동산<\/b>과 주식 등 적극적인 재테크를 통해 재산을 증식하고 있다\u201d면서 \u201c아울러 개인연금 가입 등을 통해 노후를 준비하는 경향도 늘고 있다\u201d고 말했다.","title":"빚 없이 29억 있다면\u2026당신은 대한민국 &apos;상위 1%&apos; 부자입니다","org_link":"https://www.joongang.co.kr/article/25163892"},{"pDate":"2023-05-20 13:05:00","cnt":33,"link":"https://n.news.naver.com/mnews/article/009/0005132897?sid=105","description":"한전이 2026년까지 3년에 걸쳐 25조원을 절감하겠다고 밝혔으나 서울 여의도 남서울본부 매각 등 알짜 <b>부동산<\/b>이 팔려야 이 자구책 대부분을 마련할 수 있습니다. <b>부동산<\/b> 경기침체로 당장 현금화가 쉽지 않은... ","title":"\u201c냉방비 폭탄 맞을까 무섭다\u201d\u2026전기요금 줄일 방법, 지금부터 찾아야 [나기...","org_link":"https://www.mk.co.kr/article/10736921"},{"pDate":"2023-05-20 12:54:00","cnt":34,"link":"http://www.econonews.co.kr/news/articleView.html?idxno=287983","description":"19일 <b>부동산<\/b>R114 수도권 아파트 시황에 따르면 강남구 아파트 매매가격은 지난해 7월 셋째 주(0.01%) 이후... <b>부동산<\/b>R114 수도권 아파트 시황에 따르면 신도시 아파트 매매가격은 0.02% 떨어졌다. 지역별로 ▲일산... ","title":"강남 아파트값 10개월 만에 상승 전환\u2026신도시 매매가격은 0.02% 하락","org_link":"http://www.econonews.co.kr/news/articleView.html?idxno=287983"},{"pDate":"2023-05-20 12:38:00","cnt":35,"link":"https://n.news.naver.com/mnews/article/023/0003764885?sid=101","description":"이 중 <b>부동산<\/b>이 43억7300만원으로, 전체 자산의 81%가 넘었다. 한국 전체 가구의 평균 <b>부동산<\/b> 자산 비중(74%)보다 높았다. 평균 금융자산은 9억원이었고, 부채는 5억1700만원씩 진 것으로 나타났다. 상위 1% 가구의... ","title":"상위 1% 부자가 목표라면? \u2018이 정도\u2019 순자산 가져야 합니다","org_link":"https://www.chosun.com/economy/economy_general/2023/05/20/PEDZ62IAJZFQZN5G2UPUERRTHI/?utm_source=naver&utm_medium=referral&utm_campaign=naver-news"},{"pDate":"2023-05-20 12:24:00","cnt":36,"link":"http://www.todaykorea.co.kr/news/articleView.html?idxno=308184","description":"이와 관련해서 한 보험업계 관계자는 &quot;상위 1%에 드는 부자는 대부분 <b>부동산<\/b>과 주식 등 적극적인 재테크를 통해 재산을 증식하고 있다&quot;며 &quot;개인연금 가입 등을 통해 노후를 준비하는 경향도 늘고 있다&quot;고 말했다.","title":"대한민국 상위1%, 순자산 29억원 넘어야···연 평균 소득 2억 이상","org_link":"http://www.todaykorea.co.kr/news/articleView.html?idxno=308184"},{"pDate":"2023-05-20 12:24:00","cnt":37,"link":"http://www.econonews.co.kr/news/articleView.html?idxno=287969","description":"무디스는 올해 한국 경제가 반도체 경기 둔화, 통화 긴축, <b>부동산<\/b> 시장 조정 등 영향으로 성장이 다소 둔화하겠지만 하반기 이후 반도체 경기가 회복되면서 반등할 것으로 평가했다. 무디스는 지난 3월 한국 성장률... ","title":"무디스, 한국 신용등급 8년째 &apos;Aa2&apos; 유지\u2026성장률 1.5%로 하향 조정","org_link":"http://www.econonews.co.kr/news/articleView.html?idxno=287969"},{"pDate":"2023-05-20 12:20:00","cnt":38,"link":"http://www.econonews.co.kr/news/articleView.html?idxno=287966","description":"20일 <b>부동산<\/b>R114에 따르면 부산 강서구 강동동 &apos;부산 에코델타시티 디에트르더퍼스트&apos;, 울산 남구 신정동 &apos;문수로 롯데캐슬그랑파르크&apos; 등에서 청약을 진행한다. 대방건설은 부산 강서구 강동동 에코델타시티... ","title":"5월 넷째주 &apos;부산 에코델타시티 디에트르더퍼스트&apos;, &apos;상무 센트럴자이&apos;등 181...","org_link":"http://www.econonews.co.kr/news/articleView.html?idxno=287966"},{"pDate":"2023-05-20 12:16:00","cnt":39,"link":"https://n.news.naver.com/mnews/article/243/0000045165?sid=101","description":"그럼에도 신사동 <b>부동산<\/b>은 여전히 \u2018핫\u2019하다. 특색 있는 매장들이 인근 세로수길과 강남시장길에 자리 잡았기 때문이다. 가로수길 건물은 1층에도 공실이 흔한 반면, 세로수길은 점포가 부족한 실정이다. 어느새... ","title":"[영상] 공실 많다던 신사동 건물, 호가 안 떨어지는 이유는?","org_link":"https://economist.co.kr/article/view/ecn202305180053"},{"pDate":"2023-05-20 12:03:00","cnt":40,"link":"https://n.news.naver.com/mnews/article/082/0001213212?sid=101","description":"보험사 한 관계자는 \u201c상위 1%에 드는 부자는 대부분 <b>부동산<\/b>과 주식 등 적극적인 재테크를 통해 재산을 증식하고 있다\u201d며 \u201c아울러 개인연금 가입 등을 통해 노후를 준비하는 경향도 늘고 있다\u201d고 말했다.","title":"우리나라 부자 상위 1% 순자산은 얼마나 될까?","org_link":"https://www.busan.com/view/busan/view.php?code=2023052012020500094"},{"pDate":"2023-05-20 12:02:00","cnt":41,"link":"https://news.mtn.co.kr/news-detail/2023051915244412946","description":"공매는 토지, 주택 등 <b>부동산<\/b>과 자동차, 귀금속, 유가증권 등 압류 가능한 모든 물품을 대상으로 진행되며, 회차별 공매 물건은 온비드 홈페이지 내 &apos;<b>부동산<\/b> 또는 동산 &gt; 공고 &gt; 캠코 압류재산&apos;에서 확인할 수 있다. 이번... ","title":"캠코, 163억원 규모 압류재산 181건 공매","org_link":"https://news.mtn.co.kr/news-detail/2023051915244412946"},{"pDate":"2023-05-20 12:01:00","cnt":42,"link":"https://n.news.naver.com/mnews/article/293/0000044289?sid=101","description":"한국신용평가(한신평)가 국내 최대 <b>부동산<\/b> 신탁회사인 &apos;한국토지신탁&apos;의 무보증사채(발행회사 자기신용에 의해 발행되는 회사채) 신용등급 전망을 &apos;부정적&apos;으로 봤다. <b>부동산<\/b> 경기 침체와 함께 한국토지신탁의 기존... ","title":"한국토지신탁, 수익창출력 &apos;악화&apos; 신용등급 &apos;하향 전망&apos; [Vault@Market]","org_link":"https://www.bloter.net/news/articleView.html?idxno=601820"},{"pDate":"2023-05-20 11:34:00","cnt":43,"link":"https://news.koreadaily.com/2023/05/19/society/generalsociety/20230519193319485.html","description":"김씨 부녀는 아쉬운 마음을 뒤로하고 지난 1월 <b>부동산<\/b> 매물로 극장을 내놨다. 19일 LA타임스는 1970년대 외관과 인테리어를 간직한 이 극장에 그후 반전이 일어났다고 보도했다. 소식을 접한 지역 주민들이... ","title":"47년간 한인 운영 동네극장, 주민이 살린다","org_link":"https://news.koreadaily.com/2023/05/19/society/generalsociety/20230519193319485.html"},{"pDate":"2023-05-20 11:34:00","cnt":44,"link":"https://n.news.naver.com/mnews/article/629/0000217883?sid=102","description":"눈닷컴은 사우디 국부펀드와 중동 최대 <b>부동산<\/b> 개발업체인 EMAAR의 합작투자 기업으로, 중동의 아마존으로 불리며 중동과 북아프리카 권역에 걸쳐 최대 규모의 유통채널을 보유하고 있다. 이번 대구시와 눈닷컴의 협력은... ","title":"대구시, 소비재·경산업재 기업 중동 진출 길 열어","org_link":"http://news.tf.co.kr/read/national/2019233.htm"},{"pDate":"2023-05-20 11:30:00","cnt":45,"link":"https://idsn.co.kr/news/view/1065577553312101","description":"공매는 토지, 주택 등 <b>부동산<\/b>과 자동차, 귀금속, 유가증권 등 압류 가능한 모든 물품을 대상으로 진행되며, 회차별 공매 물건은 온비드 홈페이지 내 캠코 압류 재산에서 확인할 수 있다. 이번 공매에는 <b>부동산<\/b> 179건, 동산... ","title":"한국자산관리공사, 감정가 70% 이하 물건 143건, 압류 재산 181건 공매","org_link":"https://idsn.co.kr/news/view/1065577553312101"},{"pDate":"2023-05-20 11:16:00","cnt":46,"link":"http://www.topstarnews.net/news/articleView.html?idxno=15339537","description":"한 보험사 관계자는 &quot;상위 1%에 드는 부자는 대부분 <b>부동산<\/b>과 주식 등 적극적인 재테크를 통해 재산을 증식하고 있다&quot;면서 &quot;아울러 개인연금 가입 등을 통해 노후를 준비하는 경향도 늘고 있다&quot;고 말했다.... ","title":"대한민국 &apos;상위1% 부자&apos;의 기준은 순자산 29억원\u2026상위 10% 기준은 9억원","org_link":"http://www.topstarnews.net/news/articleView.html?idxno=15339537"},{"pDate":"2023-05-20 11:14:00","cnt":47,"link":"https://n.news.naver.com/mnews/article/586/0000058023?sid=101","description":"정부가 <b>부동산<\/b> 금융경색 완화대책을 적극적으로 시행하고 있지만, 실제 주택사업 위험성이 커지면서 <b>부동산<\/b> 프로젝트파이낸싱(PF) 보증 확대와 미분양 대출 보증은 실적이 매우 저조한 상황이다. 아울러 주택시장... ","title":"서울 주택사업 경기전망, 13개월 만에 보합 전환","org_link":"http://www.sisajournal.com/news/articleView.html?idxno=263830"},{"pDate":"2023-05-20 11:14:00","cnt":48,"link":"https://n.news.naver.com/mnews/article/277/0005261778?sid=104","description":"1914년 인도 뭄바이에서 설립된 힌두자 그룹은 석유와 <b>부동산<\/b>, 금융, 정보기술(IT) 등 다양한 분야에서 전... 런던 부촌 <b>부동산<\/b> 등 자산 규모가 99억파운드에 달한다. 에드 시런(3억파운드)을 포함해 아델, 해리 스타일스... ","title":"35세 이하 억만장자 셋 중 한 명은 대학 안 갔다\u2026英 &apos;2023년 부자 명단&apos;","org_link":"https://view.asiae.co.kr/article/2023052010404189585"},{"pDate":"2023-05-20 11:02:00","cnt":49,"link":"https://www.youthdaily.co.kr/news/article.html?no=128481","description":"이에 따라 넘치는 유동성이 주식과 <b>부동산<\/b> 시장으로 유입되며 &apos;빚투(빚내서 투자)&apos;, &apos;영끌 (영혼까지 끌어다 대출)&apos; 등 젊은 층의 투자 붐이 일어났고, 팬데믹 영향으로 일자리는 줄고, 청년이 진입할 수 있는 일자리의... ","title":"[청년발언대] 투자로 고통 앓는 &apos;청년&apos;\u2026이들을 위한 대책은 무엇일까","org_link":"https://www.youthdaily.co.kr/news/article.html?no=128481"},{"pDate":"2023-05-20 11:01:00","cnt":50,"link":"https://n.news.naver.com/mnews/article/417/0000922313?sid=101","description":"이들의 연평균 소득은 2억1571만원으로 <b>부동산<\/b>의 자산 비중이 더 큰 것으로 조사됐다. 20일 보험업계에... 보험업계 관계자는 &quot;상위 1%에 드는 부자는 대부분 <b>부동산<\/b>과 주식 등 적극적인 재테크를 통해 재산을... ","title":"&apos;그사세&apos; 상위 1% 부자는\u2026 순자산 29억원·연소득 2.1억원 넘어","org_link":"http://moneys.mt.co.kr/news/mwView.php?no=2023052010535586919"},{"pDate":"2023-05-20 11:01:00","cnt":51,"link":"https://n.news.naver.com/mnews/article/018/0005490449?sid=101","description":"생활형 숙박시설 이른바 \u2018생숙\u2019에 관해 들어봤을 것이다. 주거와 호텔을 혼합한 개념으로 보면 된다. 그러나 주택법의 적용을 받는 주택이 아닌 건축법과 공중위생관리법의 적용을 받는 엄연한 숙박시설이다. 다만 호텔... ","title":"&quot;주택 사용된다고 했는데&quot;\u2026&apos;생숙&apos; 건설사 책임은?[똑똑한 <b>부동산<\/b>]","org_link":"http://www.edaily.co.kr/news/newspath.asp?newsid=01282486635610888"},{"pDate":"2023-05-20 10:56:00","cnt":52,"link":"https://thepublic.kr/news/view/1065589337368779","description":"새로 참여하는 금융사는 NH농협은행, 케이뱅크이며, 조각투자 사업자로 펀블(<b>부동산<\/b>), 아이디어허브(디지털 특허)로 총 4개사다. 앞서 올해 3월 24일 STO 비전그룹 출범식 개최 이후 조각투자 사업자, 금융기관, 블록체인... ","title":"NH투자증권, 토큰증권 협의회 \u2018STO비전그룹\u2019...신규 참여사 4곳 확대","org_link":"https://thepublic.kr/news/view/1065589337368779"},{"pDate":"2023-05-20 10:54:00","cnt":53,"link":"https://n.news.naver.com/mnews/article/057/0001743592?sid=101","description":"보험업계 관계자는 &quot;상위 1%에 드는 부자는 대부분 <b>부동산<\/b>과 주식 등 적극적인 재테크를 통해 재산을 증식하고 있다&quot;면서 &quot;아울러 개인연금 가입 등을 통해 노후를 준비하는 경향도 늘고 있다&quot;고 설명했습니다.","title":"&apos;로또 1등 당첨&apos;도 안 된다...&apos;1% 부자&apos; 순자산은 얼마?","org_link":"http://mbn.mk.co.kr/pages/news/newsView.php?category=mbn00003&news_seq_no=4930801"},{"pDate":"2023-05-20 10:52:00","cnt":54,"link":"https://n.news.naver.com/mnews/article/243/0000045160?sid=101","description":"순자산이란 <b>부동산<\/b>과 차, 현금 등 자산 전체에서 부채를 뺀 나머지 재산을 뜻한다. 상위 1% 부자는 총 20만9000여 가구이며 가구당 평균 구성원 수가 2.8명으로 총 58만6000여명이 여기 속한다. 가구주 평균 연령은... ","title":"순자산 29억원 넘어야 상위 1% 부자\u20260.1% 들려면 77억원 있어야","org_link":"https://economist.co.kr/article/view/ecn202305200004"},{"pDate":"2023-05-20 10:45:00","cnt":55,"link":"https://n.news.naver.com/mnews/article/052/0001887107?sid=102","description":"승마학원 같은 형식인데 그 명의로, 그 해당 법인의 명의로 <b>부동산<\/b>을 전국적으로 갖고 있었던 겁니다. 그렇다면 라덕연 씨 개인이나 아니면 본인이 운영했던 법인의 형태가 아닌 다른 법인 이름으로 <b>부동산<\/b>을 갖고 있었던... ","title":"유아인 구속 영장 신청...김남국 &apos;가상자산 보유&apos; 논란 확산","org_link":"https://www.ytn.co.kr/_ln/0103_202305201045569367"},{"pDate":"2023-05-20 10:41:00","cnt":56,"link":"https://n.news.naver.com/mnews/article/014/0005015116?sid=101","description":"한 보험사 관계자는 &quot;상위 1%에 드는 부자는 대부분 <b>부동산<\/b>과 주식 등 적극적인 재테크를 통해 재산을 증식하고 있다&quot;면서 &quot;아울러 개인연금 가입 등을 통해 노후를 준비하는 경향도 늘고 있다&quot;고 말했다.","title":"상위 1% 부자 순자산 \u201829억원\u2019, 상위 0.1%는 얼마?","org_link":"http://www.fnnews.com/news/202305201033578465"},{"pDate":"2023-05-20 10:40:00","cnt":57,"link":"https://www.bntnews.co.kr/article/view/bnt202305200009","description":"거침없고 솔직한 출연진의 모습으로 전 세계 시청자들을 사로잡은 \u2018셀링 선셋\u2019은 LA의 고급 <b>부동산<\/b> 세계를... 초호화 매물을 거래하며 누구보다 뜨겁게 일하고 화끈하게 즐기는 그녀들은 LA <b>부동산<\/b> 시장에서 살아남기... ","title":"넷플릭스 추천, 5월 셋째 주 신작 소식","org_link":"https://www.bntnews.co.kr/article/view/bnt202305200009"},{"pDate":"2023-05-20 10:37:00","cnt":58,"link":"https://n.news.naver.com/mnews/article/032/0003224703?sid=101","description":"71배 많았다. 보험업계 관계자는 \u201c상위 1%에 드는 부자는 대부분 <b>부동산<\/b>과 주식 등 적극적인 재테크를 통해 재산을 증식하고 있다\u201d며 \u201c개인연금 가입 등을 통해 노후를 준비하는 경향도 늘고 있다\u201d고 말했다.","title":"대한민국 \u2018상위1% 부자\u2019 순자산 기준은?","org_link":"https://www.khan.co.kr/economy/economy-general/article/202305201036001"},{"pDate":"2023-05-20 10:32:00","cnt":59,"link":"http://www.getnews.co.kr/news/articleView.html?idxno=627474","description":"20일 <b>부동산<\/b>R114에 따르면 이달 넷째 주에는 전국 4개 단지에서 1814세대(일반분양 1165세대)가 공급에... 여경희 수석연구원은 &quot;미분양 확산 위기에 정부가 <b>부동산<\/b> 프로젝트파이낸싱 부실 관리에 나서면서 관심 단지와... ","title":"봄 성수기가 무색... 내주 1814세대 분양","org_link":"http://www.getnews.co.kr/news/articleView.html?idxno=627474"},{"pDate":"2023-05-20 10:30:00","cnt":60,"link":"https://n.news.naver.com/mnews/article/022/0003814615?sid=101","description":"상위 0.1% 부자는 순자산 76억8000만원 이상 \u201c<b>부동산<\/b>·주식 등 적극적인 재테크로 재산 증식\u201d 우리나라... 한 보험사 관계자는 \u201c상위 1%에 드는 부자는 대부분 <b>부동산<\/b>과 주식 등 적극적인 재테크를 통해 재산을... ","title":"대한민국 \u2018상위1% 부자\u2019는?\u2026순자산 29억원 넘어야","org_link":"http://www.segye.com/content/html/2023/05/20/20230520506449.html?OutUrl=naver"},{"pDate":"2023-05-20 10:30:00","cnt":61,"link":"https://www.newsway.co.kr/news/view?ud=2023052010275992327","description":"한 보험사 관계자는 &quot;상위 1%에 드는 부자는 대부분 <b>부동산<\/b>과 주식 등 적극적인 재테크를 통해 재산을 증식하고 있다&quot;면서 &quot;아울러 개인연금 가입 등을 통해 노후를 준비하는 경향도 늘고 있다&quot;고 말했다. gamja@","title":"대한민국 상위 1% 부자는?\u2026순자산 29억 넘어야","org_link":"https://www.newsway.co.kr/news/view?ud=2023052010275992327"},{"pDate":"2023-05-20 10:26:00","cnt":62,"link":"https://n.news.naver.com/mnews/article/421/0006818535?sid=102","description":"한국<b>부동산<\/b>원이 2023년 5월 셋째 주(15일 기준) 전국 아파트 가격동향을 조사한 결과, 전주 대비 대전의... 대전 <b>부동산<\/b>업계 한 관계자는 \u201c아직도 하락에 대한 기대가 커 아파트 매매물건을 찾는 사람이 없다\u201d... ","title":"대전·충남 아파트 매매가격 2주 연속 낙폭 확대","org_link":"https://www.news1.kr/articles/5052855"},{"pDate":"2023-05-20 10:26:00","cnt":63,"link":"http://www.seoulwire.com/news/articleView.html?idxno=502984","description":"한 보험사 관계자는 &quot;상위 1%에 드는 부자는 대부분 <b>부동산<\/b>과 주식 등 적극적인 재테크를 통해 재산을 증식하고 있다&quot;면서 &quot;아울러 개인연금 가입 등을 통해 노후를 준비하는 경향도 늘고 있다&quot;고 말했다.","title":"대한민국 &apos;상위1% 부자&apos;  순자산은 얼마나 될까?","org_link":"http://www.seoulwire.com/news/articleView.html?idxno=502984"},{"pDate":"2023-05-20 10:18:00","cnt":64,"link":"https://n.news.naver.com/mnews/article/018/0005490368?sid=101","description":"삼성증권은 우리 경제의 최대 위험 중 하나로 꼽히는 <b>부동산<\/b> 프로젝트 파이낸싱(PF)와 관련, \u201c대주단... 얽혀있는 <b>부동산<\/b> 사업장의 질서있고 신속한 정상화나 구조조정을 하기 위한 의사결정의 플랫폼(틀)이다 그는... ","title":"&quot;<b>부동산<\/b>PF, 대주단 협약과 금리 안정으로 고비 넘길 것&quot;","org_link":"http://www.edaily.co.kr/news/newspath.asp?newsid=01246406635610888"},{"pDate":"2023-05-20 10:18:00","cnt":65,"link":"https://www.delighti.co.kr/news/articleView.html?idxno=56198","description":"20일 <b>부동산<\/b>R114에 따르면 5월 넷째 주에는 전국 4개 단지에서 1814가구(일반분양 1165가구)가 분양에 나선다.... 여경희 <b>부동산<\/b>R114 수석연구원은 &quot;미분양 확산 위기에 정부가 <b>부동산<\/b> 프로젝트파이낸싱 부실 관리에... ","title":"5월 넷째 주 전국 1814가구 분양...봄 분양 성수기 무색","org_link":"https://www.delighti.co.kr/news/articleView.html?idxno=56198"},{"pDate":"2023-05-20 10:16:00","cnt":66,"link":"http://www.sisajournal-e.com/news/articleView.html?idxno=299943","description":"시도별 아파트 매매가격지수 변동률 / 자료=한국<b>부동산<\/b>원  서울 아파트값이 6주 연속 하락폭 감소에 성공했다. 규제지역인 강남3구(서초·강남·송파)와 용산구는 지난주에 이어 상승세를 이어갔다. 20일 한국<b>부동산<\/b>... ","title":"서울 집값 상승 반전 임박했나···강남3구 상승세 이어져","org_link":"http://www.sisajournal-e.com/news/articleView.html?idxno=299943"},{"pDate":"2023-05-20 10:12:00","cnt":67,"link":"http://www.sisajournal-e.com/news/articleView.html?idxno=299956","description":"원자재값 상승에 따른 공사비 상승과 금리 인상, <b>부동산<\/b> 경기침체에 따른 미분양 우려 등으로 건설사들이 분양 일정을 서두를 이유가 없어져서다. 20일 <b>부동산<\/b>R114에 따르면 시공능력평가 상위 10개 건설사의 올해 1... ","title":"&quot;분양 일단 미뤄보자&quot;···10대 건설사도 몸사리기","org_link":"http://www.sisajournal-e.com/news/articleView.html?idxno=299956"},{"pDate":"2023-05-20 10:09:00","cnt":68,"link":"https://n.news.naver.com/mnews/article/586/0000058020?sid=104","description":"돈을 가지고 들어온 난민들은 거침없이 <b>부동산<\/b>을 사들이면서 악성 인플레이션을 만들었다. 아무것도 없이 오직 생명만 부지하며 간신히 들어온 난민들은 살아남기 위해 각종 범죄에 연루되면서 많은 사회문제를... ","title":"벼랑 끝 몰렸던 에르도안은 어떻게 기사회생했나","org_link":"http://www.sisajournal.com/news/articleView.html?idxno=263628"},{"pDate":"2023-05-20 10:08:00","cnt":69,"link":"https://www.ekn.kr/web/view.php?key=20230520010005310","description":"한 보험사 관계자는 &quot;상위 1%에 드는 부자는 대부분 <b>부동산<\/b>과 주식 등 적극적인 재테크를 통해 재산을 증식하고 있다&quot;면서 &quot;아울러 개인연금 가입 등을 통해 노후를 준비하는 경향도 늘고 있다&quot;고 말했다.5만원... ","title":"대한민국 상위 1% 부자 되려면?\u2026순자산 \u2018이정도\u2019 있어야","org_link":"https://www.ekn.kr/web/view.php?key=20230520010005310"},{"pDate":"2023-05-20 10:06:00","cnt":70,"link":"https://www.etoday.co.kr/news/view/2250792","description":"한 보험사 관계자는 \u201c상위 1%에 드는 부자는 대부분 <b>부동산<\/b>과 주식 등 적극적인 재테크를 통해 재산을 증식하고 있다\u201d며 \u201c아울러 개인연금 가입 등을 통해 노후를 준비하는 경향도 늘고 있다\u201d고 말했다.","title":"대한민국 \u2018상위1% 부자\u2019는?\u2026순자산 29억 넘어야","org_link":"https://www.etoday.co.kr/news/view/2250792"},{"pDate":"2023-05-20 10:02:00","cnt":71,"link":"https://n.news.naver.com/mnews/article/081/0003362635?sid=102","description":"이날 한국<b>부동산<\/b>원 청약홈에 따르면 지난 16일 1순위 청약 접수를 진행한 \u2018새절역 두산위브 트레지움\u2019... 은평구의 한 <b>부동산<\/b>중개업소 관계자는 \u201c신사동에 새 아파트가 없는 데다 60%가 추첨제라는 점도 청약... ","title":"청약 흥행 키 역시 \u2018분양가\u2019였다\u2026새절역 두산위브 트레지움[시끌시끌 이단...","org_link":"https://www.seoul.co.kr/news/newsView.php?id=20230519500156&wlog_tag3=naver"},{"pDate":"2023-05-20 10:02:00","cnt":72,"link":"https://n.news.naver.com/mnews/article/037/0000032547?sid=101","description":"<b>부동산<\/b>이 중국 경제에 미치는 영향이 큰 만큼 중국의 <b>부동산<\/b> 거래량 및 가격 역시 중요 지표다. 관련 수치들이 6, 7월 들어 상승하는 모습이 나타나면 한국 증시에도 훈풍이 불 수 있다.\u201d \u201c2차전지, 새로운 동력 필요\u201d... ","title":"\u201c2차전지, 더 오르려면 새로운 동력 필요\u2026 지금 최악인 \u20184개 업종\u2019 주목할...","org_link":"https://weekly.donga.com/3/all/11/4165813/1"},{"pDate":"2023-05-20 10:02:00","cnt":73,"link":"https://n.news.naver.com/mnews/article/037/0000032548?sid=101","description":"과거 6번 경기침체 중 4번은 지수 상승\u2026 자산배분이 핵심 지난해 내내 이어진 주식, 채권, <b>부동산<\/b> 가격 하락은 투자심리를 얼어붙게 만들었다. 특히 하반기부터 장단기 금리 역전이 지속되면서 경기침체와 불황의... ","title":"투자자 떨게 만드는 \u2018장단기 금리 역전\u2019 이렇게 대비하세요","org_link":"https://weekly.donga.com/3/all/11/4165816/1"},{"pDate":"2023-05-20 10:02:00","cnt":74,"link":"https://realty.chosun.com/site/data/html_dir/2023/05/20/2023052000537.html","description":"<b>부동산<\/b>R114에 따르면 5월 셋째주 서울 아파트 매매가격은 지난주와 동일하게 -0.02%를 기록했다. 재건축이... 백새롬 <b>부동산<\/b>R114 리서치팀 수석연구원은 \u201c4대 시중은행 전세자금대출 금리 하단이 3.87%까지... ","title":"서울 아파트값 0.02% 하락\u2026강남구 10개월 만에 상승 전환","org_link":"https://realty.chosun.com/site/data/html_dir/2023/05/20/2023052000537.html"},{"pDate":"2023-05-20 10:02:00","cnt":75,"link":"https://www.ajunews.com/view/20230519153359443","description":"20일 <b>부동산<\/b>업계에 따르면 신축 아파트 커뮤니티로 최근 영어유치원 도입을 추진하는 곳이 늘고 있다. 영어유치원은 높은 교육비와 까다로운 입학조건에도 불구하고 입학에만 수개월을 대기해야 할 정도로 인기가... ","title":"수영장, 실내골프장 다음은 영유?...커뮤니티 차별화에 승부 건 아파트","org_link":"https://www.ajunews.com/view/20230519153359443"},{"pDate":"2023-05-20 10:02:00","cnt":76,"link":"http://www.gpkorea.com/news/articleView.html?idxno=101151","description":"최근 <b>부동산<\/b> 시장에서 브랜드에 대한 가치가 높아지면서 주택 시장 뿐만 아니라 지식산업센터 등 업무용 <b>부동산<\/b>에서도 브랜드가 중요해지고 있다. 대형 건설사가 시공하거나 자체 브랜드를 도입한 지식산업센터는 오랜... ","title":"금강주택이 짓는 지식산업센터 지역 랜드마크로 뜬다","org_link":"http://www.gpkorea.com/news/articleView.html?idxno=101151"},{"pDate":"2023-05-20 10:01:00","cnt":77,"link":"https://n.news.naver.com/mnews/article/018/0005490364?sid=101","description":"해당 <b>부동산<\/b>은 채권액이 많아 매매시장에서 처분하기 어려운 <b>부동산<\/b>이다. 감정가액이 1000만원대로 저렴하다 보니 향후 건축이나, 장기 보유 목적으로 많은 응찰자가 몰린 것으로 보인다\u201d고 분석했다. 권리분석... ","title":"은마 26.5억\u2026장흥 임야 150명 몰려 낙찰가율 477%[경매브리핑]","org_link":"http://www.edaily.co.kr/news/newspath.asp?newsid=01236566635610888"},{"pDate":"2023-05-20 10:00:00","cnt":78,"link":"https://n.news.naver.com/mnews/article/025/0003281289?sid=100","description":"▶2019년 1월 손혜원 무소속 의원(열린민주당 출신) 목포 <b>부동산<\/b> 투기 의혹→\u201c이 기회에 이해충돌... <b>부동산<\/b>은 공직자윤리법상 등록 대상 재산이라 권익위가 내역을 파악하는 것도 어렵지 않았다. 조사 결과 권익위는... ","title":"\u2018김남국 코인\u2019에 또다시 전가의 보도\u2026\u2018전수조사\u2019 왜 실패할까","org_link":"https://www.joongang.co.kr/article/25163879"},{"pDate":"2023-05-20 10:00:00","cnt":79,"link":"http://www.enewstoday.co.kr/news/articleView.html?idxno=2002151","description":"20일 <b>부동산<\/b>R114에 따르면 5월 넷째 주 전국 4개 단지 총 1814가구(일반분양 1165가구)가 분양에 돌입한다. 부산 강서구 강동동 &apos;부산에코델타시티디에트르더퍼스트&apos;, 울산 남구 신정동 &apos;문수로롯데캐슬그랑파르크... ","title":"[e<b>부동산<\/b>] 경남권 등 전국 1814가구 분양 돌입","org_link":"http://www.enewstoday.co.kr/news/articleView.html?idxno=2002151"},{"pDate":"2023-05-20 09:54:00","cnt":80,"link":"https://n.news.naver.com/mnews/article/243/0000045156?sid=101","description":"19일 기준 서울<b>부동산<\/b>정보광장에 따르면 올해 4월 서울 아파트 매매 거래는 총 3000건으로 나타났다. <b>부동산<\/b> 실거래 신고 의무기간이 30일이라는 점을 감안하면, 4월 한 달간 거래는 이보다 많을 것으로 예상된다. 올해... ","title":"서울 아파트 거래량 3000건 돌파\u2026시세도 반등할까","org_link":"https://economist.co.kr/article/view/ecn202305200001"},{"pDate":"2023-05-20 09:53:00","cnt":81,"link":"https://n.news.naver.com/mnews/article/011/0004192740?sid=101","description":"한 보험사 관계자는 &quot;상위 1%에 드는 부자는 대부분 <b>부동산<\/b>과 주식 등 적극적인 재테크를 통해 재산을 증식하고 있다&quot;면서 &quot;아울러 개인연금 가입 등을 통해 노후를 준비하는 경향도 늘고 있다&quot;고 말했다.","title":"대한민국 상위 1% 부자 되려면\u2026순자산 &apos;이만큼&apos; 버세요","org_link":"https://www.sedaily.com/NewsView/29PNIIGBUE"},{"pDate":"2023-05-20 09:52:00","cnt":82,"link":"http://news.lghellovision.net/news/articleView.html?idxno=418094","description":"현재 <b>부동산<\/b>시장 상황, 경인여대 교수 겸 공정주택포럼의 서진형 공동대표와 알아봅니다. 집값 낙폭 둔화, 반등 기사가 꾸준히 나오는데 실제 현재 <b>부동산<\/b>시장 상황, 어떻게 볼 수 있을까요? [답변] &quot;<b>부동산<\/b>시장 바닥... ","title":"활기 찾은 <b>부동산<\/b>시장\u2026집값 바닥 찍었나","org_link":"http://news.lghellovision.net/news/articleView.html?idxno=418094"},{"pDate":"2023-05-20 09:49:00","cnt":83,"link":"https://n.news.naver.com/mnews/article/009/0005132880?sid=101","description":"20일 <b>부동산<\/b>R114 자료에 따르면 서울 아파트의 경우 대형(전용 85㎡ 초과)이 소형(전용 60㎡ 이)보다 3.3... <b>부동산<\/b>R114 통계를 보면 입주 단지 중 전용 85㎡ 초과 대형 비중은 전국 기준으로 2016년 8.06%로 10%를... ","title":"\u201c1인가구 대세 아니었어?\u201d\u2026소형에 투자한 영끌족 큰일났네","org_link":"https://www.mk.co.kr/article/10740793"},{"pDate":"2023-05-20 09:43:00","cnt":84,"link":"https://n.news.naver.com/mnews/article/055/0001059326?sid=101","description":"보험업계 관계자는 &quot;상위 1%에 드는 부자는 대부분 <b>부동산<\/b>과 주식 등 적극적인 재테크를 통해 재산을 증식하고 있다&quot;면서 &quot;아울러 개인연금 가입 등을 통해 노후를 준비하는 경향도 늘고 있다&quot;고 설명했습니다.... ","title":"대한민국 &apos;상위1% 부자&apos;는?\u2026순자산 29억 원 넘어야","org_link":"https://news.sbs.co.kr/news/endPage.do?news_id=N1007198784&plink=ORI&cooper=NAVER"},{"pDate":"2023-05-20 09:40:00","cnt":85,"link":"http://www.getnews.co.kr/news/articleView.html?idxno=627206","description":"<b>부동산<\/b> 시장에서 개발은 집값 상승을 견인하는 핵심 요소 중 하나다. 영종국제도시 &apos;호반써밋 스카이센트럴 2차 조감도, 사진제공: 호반건설 영종국제도시가 최근 다양한 교통망 개발로 외부 수요까지 흡수할 것으로... ","title":"&apos;제2공항철도&apos; 연결까지\u2026영종 국제도시 호반건설, &apos;호반써밋 스카이센트럴 2...","org_link":"http://www.getnews.co.kr/news/articleView.html?idxno=627206"},{"pDate":"2023-05-20 09:32:00","cnt":86,"link":"https://www.dailysecu.com/news/articleView.html?idxno=146214","description":"제조업의 경우 고용인원 1명당 최대 30만원씩 50명까지 지원되며, 비제조업의 경우 산업단지에 소재한 중소기업(<b>부동산<\/b>업, 음식점업 등 제외)에만 최대 30명까지 지원한다. 또한, 지원금 이외에도 기업 운영에 필요한... ","title":"부산경영자총협회, &apos;2023 부산 희망 고용유지 지원사업&apos; 추가 운영","org_link":"https://www.dailysecu.com/news/articleView.html?idxno=146214"},{"pDate":"2023-05-20 09:31:00","cnt":87,"link":"https://n.news.naver.com/mnews/article/006/0000118128?sid=102","description":"지역 방송사 및 신문사들은 올해 금리인상, <b>부동산<\/b> 경기 침체 등으로 주 수입원이었던 광고비 집행이 더... 그러나 지난해부터 이어진 금리 인상으로 인한 <b>부동산<\/b> 경기 침체 영향으로 이마저도 쉽지 않다. 결국... ","title":"자산매각에 명예퇴직까지 해봤지만... 지역언론 참혹한 성적표","org_link":"http://www.mediatoday.co.kr/news/articleView.html?idxno=310182"},{"pDate":"2023-05-20 09:30:00","cnt":88,"link":"https://news.bbsi.co.kr/news/articleView.html?idxno=3111319","description":"한 보험사 관계자는 &quot;상위 1%에 드는 부자는 대부분 <b>부동산<\/b>과 주식 등 적극적인 재테크를 통해 재산을 증식하고 있다&quot;면서 &quot;아울러 개인연금 가입 등을 통해 노후를 준비하는 경향도 늘고 있다&quot;고 말했습니다. BBS... ","title":"대한민국 상위 1% 부자는 순자산 29억 이상 보유자","org_link":"https://news.bbsi.co.kr/news/articleView.html?idxno=3111319"},{"pDate":"2023-05-20 09:09:00","cnt":89,"link":"https://n.news.naver.com/mnews/article/437/0000343777?sid=101","description":"<b>부동산<\/b>R114에 따르면 이번 주(5월 셋째 주) 강남구 아파트값은 그 직전 주보다 0.01% 뛰었습니다. 이는 지난해 7월 셋째 주(0.01%) 이후 10개월 만의 상승입니다. 이에 대해 <b>부동산<\/b>R114는 &quot;강남의 경우 거주 여건이... ","title":"서울 아파트값 &apos;강남구&apos;만 상승 전환\u2026&quot;대기 수요로 회복 빨라&quot;","org_link":"https://news.jtbc.co.kr/article/article.aspx?news_id=NB12127167"},{"pDate":"2023-05-20 09:02:00","cnt":90,"link":"https://www.woodkorea.co.kr/news/articleView.html?idxno=73476","description":"분양 관계자는 &quot;최근 <b>부동산<\/b>은 침체기를 겪고 있지만 동천동의 타운하우스와 전원주택은 여전히 인기리에 분양이 되고 있다&quot;라며 &quot;특히 동천 로뎀힐 타운하우스는 오랜 기다림 끝에 오픈하는 지라 이미 오픈전에 많은... ","title":"용인 프리미엄 타운하우스 &apos;로뎀힐&apos; 홍보관 오픈","org_link":"https://www.woodkorea.co.kr/news/articleView.html?idxno=73476"},{"pDate":"2023-05-20 09:02:00","cnt":91,"link":"http://www.ngonews.kr/news/articleView.html?idxno=141157","description":"71배 많았다. 한화생명 관계자는 &quot;상위 1%에 드는 부자는 대부분 <b>부동산<\/b>과 주식 등 적극적인 재테크를 통해 재산을 증식하고 있으며 개인연금 가입 등을 통해 노후를 준비하는 경향도 늘고 있다&quot;고 말했다.","title":"대한민국 &apos;상위1% 부자&apos;는?\u2026순자산 29억원 넘어야","org_link":"http://www.ngonews.kr/news/articleView.html?idxno=141157"},{"pDate":"2023-05-20 09:02:00","cnt":92,"link":"http://www.constimes.co.kr/news/articleView.html?idxno=239754","description":"한국<b>부동산<\/b>원 청약홈에 따르면 지난 10일 진행된 청약결과 588가구 모집에 1212명이 신청하며 평균 2.1대... 군산 <b>부동산<\/b> 시장 침체에도 불구하고 실수요자는 물론 투자자에게도 큰 인기를 끈 것 같다&quot;고 말했다.","title":"&apos;군산 한라비발디 더프라임&apos;, 당첨자 서류 접수 진행","org_link":"http://www.constimes.co.kr/news/articleView.html?idxno=239754"},{"pDate":"2023-05-20 09:01:00","cnt":93,"link":"https://n.news.naver.com/mnews/article/018/0005490345?sid=101","description":"메타버스 <b>부동산<\/b> 서비스를 제공하는 오픈메타시티가 웹3.0 생태계인 더밸런스의 1차 그랜트 프로그램 자금을... 오픈메타시티는 가상과 현실을 연결하는 메타버스 <b>부동산<\/b> 서비스로 지난해 1월 런칭했다. 전 세계 주요... ","title":"오픈메타시티, 웹3.0 생태계 그랜트 프로그램 자금 유치","org_link":"http://www.edaily.co.kr/news/newspath.asp?newsid=01190646635610888"},{"pDate":"2023-05-20 09:01:00","cnt":94,"link":"https://n.news.naver.com/mnews/article/011/0004192729?sid=101","description":"KB<b>부동산<\/b> 월간 통계 시계열 자료에 따르면, 올해 4월 서울 오피스텔의 평균 매매가격은 3억 229만원으로 지난해 4월(2억 9,935만원) 대비 1.0% 상승했다. 반면 인천(-7.4%), 경기(-5.7%) 지역과 부산, 대구, 광주, 대전, 울산을... ","title":"지난 1년간 오피스텔 가격 서울만 올랐다, 신세계건설 \u2018빌리브 에이센트\u2019 인...","org_link":"https://www.sedaily.com/NewsView/29PNHSH058"},{"pDate":"2023-05-20 09:01:00","cnt":95,"link":"https://n.news.naver.com/mnews/article/014/0005015097?sid=101","description":"<b>부동산<\/b> 시장이 침체된 가운데 단 두달새 아파트값이 2% 이상 급등한 지역이 있다. 경기도 용인시 처인구다. 경기도에서 최근 3개월 동안 갭투자 거래가 가장 많은 곳이기도 하다. 20일 한국<b>부동산<\/b>원 주간 아파트값... ","title":"&quot;위약금 줄테니 계약 취소&quot;...집주인 돌변하더니 상승률 1위","org_link":"http://www.fnnews.com/news/202305191709549770"},{"pDate":"2023-05-20 09:01:00","cnt":96,"link":"https://n.news.naver.com/mnews/article/003/0011869674?sid=102","description":"<b>부동산<\/b>중개업을 하고 있는 권 모(49)씨는 \u201c구청에서 단속을 하고 있음에도 불구하고 불법주정차하는 차량이 많이 있다\u201d며 \u201c단속을 더욱 강화해 질서를 잡아 나갔으면 한다\u201d고 말했다.","title":"서울 주정차 단속 1위 강남구...강북의 7.5배 [더블P]","org_link":"http://www.newsis.com/view/?id=NISX20230518_0002307371&cID=10201&pID=10200"},{"pDate":"2023-05-20 09:00:00","cnt":97,"link":"https://n.news.naver.com/mnews/article/056/0011488942?sid=101","description":"한국<b>부동산<\/b>원 조사 결과 지난해 주택 전셋값은 전국이 5.56%, 서울 6.55% 떨어졌습니다. 18년 만에 최대... <b>부동산<\/b>R114가 올해 들어 지난달 26일까지 전국에서 계약한 전세 아파트 기준으로 2년 전 같은 단지·면적의 전세... ","title":"아파트까지 번진 \u2018역전세난\u2019\u2026\u201c보증금 갈등 최악, 이때를 조심\u201d [주말엔]","org_link":"https://news.kbs.co.kr/news/view.do?ncd=7680274&ref=A"},{"pDate":"2023-05-20 09:00:00","cnt":98,"link":"https://n.news.naver.com/mnews/article/421/0006818486?sid=102","description":"지역 주요 <b>부동산<\/b>전문가들은 최근 금리인상에 따른 전세대출부담 요인 등이 시장에 반영된 것으로 보고 있다. 20일 한국<b>부동산<\/b>원과 지역 <b>부동산<\/b>업계에 따르면 올해 3월 원주 아파트 전월세전환율은 6%로 집계됐다.... ","title":"&apos;전세 부담됐나&apos;\u2026원주 APT 월세가치 &apos;UP&apos; 3년6개월만에 전월세전환율 6%","org_link":"https://www.news1.kr/articles/5052686"},{"pDate":"2023-05-20 08:51:00","cnt":99,"link":"https://n.news.naver.com/mnews/article/031/0000747529?sid=105","description":"고급 <b>부동산<\/b> 세계를 배경으로 엘리트 중개인들의 일상을 담은 리얼리티 &apos;셀링 선셋 시즌6&apos; ▲현실 이별을... ◆셀링 선셋 시즌6(Selling Sunset Season 6) &apos;셀링 선셋&apos;은 LA의 고급 <b>부동산<\/b> 세계를 배경으로 엘리트 <b>부동산<\/b>... ","title":"넷플릭스, 하트시그널4부터 &apos;내사모남&apos; 스핀오프까지\u2026사랑 담은 신작 공개 [...","org_link":"http://www.inews24.com/view/1595948"},{"pDate":"2023-05-20 08:50:00","cnt":100,"link":"https://www.viva100.com/main/view.php?key=20230520010005794","description":"1분기 분양시장, 지역별 양극화 \u2018뚜렷\u2019 <b>부동산<\/b> 시장의 양극화 현상이 이어지고 있다. 정부의 규제 완화책으로 서울 <b>부동산<\/b> 시장이 활기를 띠는 반면, 서울을 제외한 지역은 여전히 고전을 면치 못하고 있다.20일... ","title":"1분기 분양시장, 지역별 양극화 \u2018뚜렷\u2019","org_link":"https://www.viva100.com/main/view.php?key=20230520010005794"}]