<?xml version="1.0" encoding="UTF-8"?>
<!DOCTYPE mapper PUBLIC "-//mybatis.org//DTD Mapper 3.0//EN" 
	"http://mybatis.org/dtd/mybatis-3-mapper.dtd">
	
<mapper namespace="com.ssafy.ourhouse.mapper.NewsMapper">

<resultMap type="newsDto" id="newsDto">
	<result column="news_no" property="newsNo"/>
	<result column="title" property="title"/>
	<result column="context" property="context"/>
	<result column="link" property="link"/>
	<result column="post_date" property="postDate"/>
	<result column="hit" property="hit"/>
</resultMap>

<!-- 뉴스 기사 리스트 로드 -->
<select id="getNews" resultMap="newsDto">
	SELECT news_no, title, context, link, post_date, hit
	FROM news
	ORDER BY post_date desc;
</select>

<!-- 뉴스 기사 조회수 증가 -->
<update id="updateHit" parameterType="int">
	UPDATE news 
	SET hit = hit+1
	WHERE news_no = #{newsNo}
</update>

<!-- 뉴스 기사 업데이트 -->
<insert id="updateNews" parameterType="newsDto">
	INSERT INTO news (title, context, link, post_date, hit)
	VALUES 
	<foreach collection="list" item="item" separator=","> 
		(#{item.title}, #{item.context}, #{item.link}, #{item.postDate}, 0)
	</foreach>
</insert>
</mapper>